timestamp,commit_date,commit_hash,commit_short,branch,crate_name,loc_total,loc_code,loc_comments,loc_blanks,functions_count,avg_cyclomatic,max_cyclomatic,avg_cognitive,max_cognitive,avg_halstead_diff,max_halstead_diff,coverage_percent,covered_lines,total_lines
2025-12-16T10:02:38.618186+00:00,2025-12-16,64582dab27a115fd7c00488ed33363f8e0aaae02,64582da,HEAD,mmnes_core,5354,16962,1457,3028,1142,2.48,48.0,0.71,36.0,10.39,80.73,41.46,2392,5770
2025-12-16T10:02:38.618186+00:00,2025-12-16,64582dab27a115fd7c00488ed33363f8e0aaae02,64582da,HEAD,mmnes_frontend,1059,4043,92,657,293,3.61,43.0,4.1,77.0,9.34,35.17,0.0,0,2606
2025-12-16T10:02:38.618186+00:00,2025-12-16,64582dab27a115fd7c00488ed33363f8e0aaae02,64582da,HEAD,mmretrodb,164,596,5,127,58,2.79,19.0,0.76,8.0,8.16,20.16,76.98,194,252
2025-12-16T10:03:26.343601+00:00,2025-12-16,7d39248616c805d1153054e0a4e0ddb8f56b4be6,7d39248,HEAD,mmnes_core,5354,16962,1457,3028,1142,2.48,48.0,0.71,36.0,10.39,80.73,41.46,2392,5770
2025-12-16T10:03:26.343601+00:00,2025-12-16,7d39248616c805d1153054e0a4e0ddb8f56b4be6,7d39248,HEAD,mmnes_frontend,1059,4043,92,657,293,3.61,43.0,4.1,77.0,9.34,35.17,0.0,0,2606
2025-12-16T10:03:26.343601+00:00,2025-12-16,7d39248616c805d1153054e0a4e0ddb8f56b4be6,7d39248,HEAD,mmretrodb,164,596,5,127,58,2.79,19.0,0.76,8.0,8.16,20.16,76.98,194,252
2025-12-16T10:04:23.737056+00:00,2025-12-16,1f8f93588c427648a2f47dbeb41294b36159132e,1f8f935,HEAD,mmnes_core,5354,16962,1457,3028,1142,2.48,48.0,0.71,36.0,10.39,80.73,41.46,2392,5770
2025-12-16T10:04:23.737056+00:00,2025-12-16,1f8f93588c427648a2f47dbeb41294b36159132e,1f8f935,HEAD,mmnes_frontend,1059,4043,92,657,293,3.61,43.0,4.1,77.0,9.34,35.17,0.0,0,2606
2025-12-16T10:04:23.737056+00:00,2025-12-16,1f8f93588c427648a2f47dbeb41294b36159132e,1f8f935,HEAD,mmretrodb,164,596,5,127,58,2.79,19.0,0.76,8.0,8.16,20.16,76.98,194,252
